VehicleID,TotalClaimsCost,NumberOfClaims,OverSpeed,IdleRatio,GpsLostCount,TelematicsOffCount,AverageNmrStopsPerDay,AverageDistPerStop,EmergencyBraking,NormalBraking,HarshBraking,dangerousTimes,DangerousAreas,CriticalBraking,CornerSpeeding
139599033,0,0,0,0,0,15,0,0,0,30,0,0,0,0,0
140138339,0,0,0,0,0,0,10.96590909,21672.16891,0,0,0,1310,0,0,0
203444726,0,0,17,0,0,0,0,0,0,311,0,78,74,0,0
251871348,0,0,44,0.02152641879,0,0,4.5,22057.55556,2,911,109,0,821,0,0
219532871,0,0,9,0.002885682575,588,2,13.05479452,2053.460651,2,4460,43,41,0,0,0
140674559,0,0,402,0.138228341,445,0,4.808219178,11774.4302,3,6901,287,48,0,0,0
139896699,0,0,355,0.06618962433,1736,0,8.712328767,14988.1195,4,25915,2590,0,946,0,0
163528877,0,0,334,0.06979624451,1625,0,19.09195402,4187.879591,6,23425,1599,111,0,0,0
167487412,0,0,282,0.0502181191,517,1,29.93258427,2976.371246,13,36334,3081,389,95,0,0
247281483,0,0,1940,0.04659714599,86,0,6.857142857,0,13,33467,2960,448,289,0,88
159137814,0,0,1099,0.02588887737,1132,1,16.56321839,10046.04858,13,35912,2663,596,103,0,0
170708153,0,0,1961,0.06008996432,2226,0,10.33707865,25569.66304,14,59553,4903,7618,40252,0,0
169385818,0,0,702,0.0432048768,1046,0,11.58426966,16378.9098,15,43299,3602,10779,21703,0,0
168952246,0,0,855,0.08416090158,603,0,9.685393258,10746.04988,16,31218,4614,129,8,0,0
207010096,0,0,592,0.03133287346,6294,0,16.44827586,18150.75961,17,58035,7183,351,1,0,0
162045232,0,0,300,0.01685843286,356,0,8.505747126,20076.3027,18,23819,3627,72,0,0,0
158690131,0,0,219,0.01979367419,1637,3,26.38888889,6065.958421,19,41039,3047,356,39604,0,0
173649460,0,0,429,0.07069431921,556,4,8.704225352,9678.920712,21,25231,2473,98,1093,0,0
136177373,0,0,4912,0.08427931608,1265,0,13.04597701,18987.62467,22,33200,2279,95,0,0,1
156979564,0,0,542,0.03810746216,543,0,13.52777778,7987.87885,24,19600,2970,77,0,0,0
174926741,0,0,3099,0.0807352162,499,6,10.64044944,25510.89018,25,41965,7084,122,53,0,1
138088968,0,0,1853,0.07504321521,568,0,16.25842697,11449.47339,26,42245,4009,259,49,0,1
174578549,0,0,350,0.1018652144,946,0,14.53409091,7882.880375,26,32833,3866,336,360,0,0
156925814,0,0,1350,0.0154189046,6,0,9.920454545,16544.65636,28,24100,3241,0,3,0,1
171872046,0,0,1701,0.0601307706,1090,0,13.40449438,22430.49371,30,47057,3536,1983,30938,0,0
156857762,0,0,1844,0.01685745202,4031,2,12.33707865,23914.0173,30,63684,6522,28,31100,0,0
160702250,0,0,2414,0.01740423299,29910,0,10.85393258,16396.44513,30,66390,2184,96,2794,0,0
144830204,0,0,934,0.09848842047,1494,0,18.06741573,7931.24005,31,32919,3105,638,13,0,0
176495073,0,0,502,0.03104708216,744,1,12.41573034,12030.819,33,37751,10111,531,0,0,0
158743522,0,0,1018,0.04524153304,1188,0,11.01136364,18033.94221,36,34414,5027,59,0,0,0
174737066,0,0,2145,0.01705855233,10720,0,16.60674157,12472.83356,36,62638,6734,2,0,0,0
161330545,0,0,1281,0.01838559098,337,0,15.94382022,11638.60606,36,41135,4245,152,156,0,0
176173014,0,0,626,0.04754193761,3289,0,17.11842105,10270.86395,36,36323,3164,198,797,0,0
171820093,0,0,1375,0.03333670068,742,4,16.02247191,19676.7791,36,52428,6930,1832,18,0,0
176947147,0,0,2270,0.04197734646,1297,0,8.404494382,37876.84358,37,64211,6028,1865,16717,0,0
140822679,0,0,583,0.05475518003,1736,0,9.363636364,16205.65655,37,37422,4674,203,614,0,1
163561004,0,0,822,0.02981133276,461,0,19.98863636,6143.095509,38,28114,3279,0,3703,0,0
163850774,0,0,2505,0.0237840571,887,0,19.73033708,13334.50513,41,44974,6406,1898,32976,0,0
119059287,0,0,1055,0.04977799427,1770,0,16.57303371,10302.11186,41,48686,4650,99,48026,0,0
160731831,0,0,379,0.07745366267,1051,16,21.38202247,9278.898056,45,48791,3066,186,5203,0,0
157490053,0,0,2866,0.01077088431,1080,0,20.05747126,7455.85616,45,40147,3537,53,23083,0,0
146568941,0,0,3792,0.01571361749,1173,0,20.17977528,21224.15312,56,61319,7037,1570,57,0,1
159504274,0,0,768,0.04881411049,1727,0,13.61797753,17567.60314,59,51733,4790,535,48857,0,0
139424766,0,0,461,0.05272316937,3065,3,26.48101266,6149.144837,61,33283,3433,0,4764,0,1
160968349,0,0,330,0.02190181075,510,1,13.2,16957.29735,69,38672,8698,624,0,0,0
160731974,0,0,203,0.03328262854,880,0,28.84269663,4060.703935,83,29937,2850,205,24,0,0
212597073,0,0,418,0.04479661721,1988,0,12.08988764,14753.65706,92,47243,8004,241,0,0,0
165046524,0,0,334,0.01571047833,55,85,1.772727273,30321.35897,6,6669,453,1274,1340,1,8
209828568,0,0,699,0.0289023867,966,0,24.5505618,5201.939588,8,41263,3015,3663,24175,1,0
126619021,0,0,239,0.02173305102,1111,1,12.03658537,6893.064843,8,22464,2558,259,12042,1,0
122129229,0,0,3180,0.06179418408,2840,0,13.20224719,18974.34128,17,50198,6456,1591,6515,1,0
167540522,0,0,697,0.03203120383,410,0,14.69333333,10827.94918,19,29810,4012,8,4058,1,0
159451579,0,0,803,0.05041960837,1885,0,13.71910112,16899.7674,26,55844,4185,698,45141,1,0
159171529,0,0,1093,0.0487838458,680,0,32.55681818,3665.13822,39,40033,3507,42,23717,1,0
125047398,0,0,552,0.04022910132,1323,1,9.651685393,19811.49942,48,38365,5584,99,64,1,0
160728706,0,0,227,0.05536551994,927,0,6.722222222,10998.59504,48,17478,2937,73,4,1,0
176358659,0,0,2290,0.04140707704,10688,2,14.46067416,10957.37685,51,51854,5717,796,391,1,0
162043091,0,0,2074,0.02559250674,616,0,9.813953488,23607.19431,62,33757,8458,163,32,1,2
171960040,0,0,1181,0.05614553224,541,0,8.034090909,31345.72702,15,29730,2081,2015,13105,2,3
163841545,0,0,1762,0.06059616466,1190,0,7.023255814,56488.46689,28,50711,4378,2059,34998,2,0
89151608,0,0,758,0.03014746417,125,3,21.42465753,6684.956522,65,26163,2794,414,7373,2,0
163861760,0,0,4548,0.06076706196,803,0,7.943820225,53553.48091,83,61870,8626,7300,37832,2,0
137549957,0,0,2026,0.0888274773,1408,9,6.162790698,25950.88113,89,29540,3298,275,24667,2,1
169326258,0,0,2559,0.02008705416,7761,0,12.45454545,23887.43522,42,59089,5883,402,15259,3,0
160724777,0,0,2213,0.1370340753,1013,26,10.52808989,23219.32871,52,41379,3584,964,8598,3,0
115994042,0,0,1541,0.0438278746,1189,3,16.62921348,12211.30743,78,46029,6619,266,19279,3,0
162495651,0,0,480,0.01244447245,1803,0,11.78823529,6611.027944,7,27862,3868,111,0,4,0
137393096,0,0,3743,0.01103395796,2341,0,14.14942529,27200.73436,63,63749,9775,2949,7686,4,1
176493415,0,0,4029,0.03123586849,1989,6,19.40449438,14541.9751,159,50888,8656,11702,11540,4,0
176909807,0,0,1475,0.06966205061,2790,0,8.465909091,23205.77181,54,55701,3598,9085,31969,5,1
144274165,0,0,1732,0.07780472902,5235,0,11.31460674,17282.83019,82,50159,3761,51,33684,5,0
142360215,0,0,871,0.04631562669,967,0,11.03370787,14849.57943,17,36553,2223,961,22957,6,0
160731443,0,0,2065,0.09682676342,1502,2,12.475,13561.21443,33,29174,3309,79,2740,6,0
160148106,0,0,2619,0.02995605881,619,0,16.41573034,19613.58795,35,41177,6118,212,10338,6,1
160731302,0,0,696,0.05667096358,8561,1,25.49438202,7034.161305,70,58109,3875,309,22,6,0
176668759,0,0,1791,0.06976924268,654,0,16.74074074,10612.67699,81,34822,3833,277,134,6,6
141011605,0,0,1391,0.01791096484,542,0,9.869047619,16522.49819,34,24550,4273,383,5864,8,0
166759585,0,0,8654,0.03451090814,4274,0,9,16184.46561,146,74718,9652,2534,68,8,910
160730802,0,0,520,0.1017420092,921,8,24.02247191,7649.334425,84,46508,4144,1050,974,10,0
140415270,0,0,2523,0.03288896249,2753,1,13.88764045,19841.54935,28,53774,6570,367,5579,13,1
169912702,0,0,797,0.05236500286,4855,1,30.68539326,4351.006957,43,45549,3359,112,1,13,0
165073375,0,0,1209,0.02104412225,403,0,21.6741573,6479.054432,121,66228,10330,6,6258,17,7
129073905,66024.73,1,0,0,3,3,1.5,0,0,151,4,0,0,0,0
165492524,39667.72,1,0,0,0,2,0,0,0,4,0,0,0,0,0
174578640,74853.25,1,268,0.07233186434,286,0,6.791044776,6697.437363,16,9670,752,1,79,0,0
105372035,113520.1,1,756,0.1001364934,3362,0,15.62921348,7079.099209,27,30572,1637,287,5,0,0
176529442,68445.13,1,1127,0.02536964981,2508,0,28.80898876,3403.192668,44,29337,2744,128,537,0,0
172589045,24140.68,1,1522,0.04752984389,6250,0,9.772727273,19219.38953,44,49148,5258,8,624,0,1
169895882,410518.74,1,932,0.0668571276,679,0,12.10465116,16089.70989,51,34406,2996,949,277,0,0
162157112,53320.51,1,3042,0.04883434755,773,0,8.606741573,30009.57833,25,50282,9015,12,6344,1,1
155505293,7153,1,929,0.0506988314,9060,0,22.96590909,5260.881742,14,52788,3075,787,30181,2,0
158810447,39071.7,1,3940,0.0504917001,3560,0,11.15730337,39170.7432,119,55106,8328,6193,39432,2,1
75655786,105594.25,1,2273,0.063946912,1710,0,19.70786517,7834.625428,110,46354,6575,5853,0,5,13
80548695,110310.2,1,186,0.02835356826,155,2,16.21794872,5857.194466,22,12472,1008,0,0,6,24
96544022,88860.17,1,1724,0.02910972027,4555,0,10.41573034,20278.12837,82,70072,8108,390,63243,28,0
90293012,191059.42,1,3390,0.002020517744,897,0,10.21818182,20970.76157,539,75757,13091,759,446,194,277
155517428,238443.42,2,0,0.4,1,1,1,0,0,10,0,0,0,0,0
133833237,195425.68,2,1601,0.0976601319,604,4,11.06741573,18518.07107,54,29882,3271,294,86,0,0
96215479,56622.41,2,1420,0.01932908324,4886,0,13.86419753,13705.16207,74,44199,4824,377,27306,0,2
146463179,113933.36,2,1400,0.02970169171,495,11,11.35714286,16592.24906,27,20144,3059,1,2,1,0
104804470,206623.44,2,1505,0.08050406567,5146,3,10.75294118,20292.70241,36,49203,2658,424,1682,1,4
122196196,43290.43,2,916,0.03512587078,673,3,16.61176471,8936.112606,78,47153,7030,570,0,1,0
150986252,75401.81,2,4519,0.03856952859,1644,6,10.41573034,36146.40885,92,62237,12106,4646,11401,2,0
111082600,76122.98,3,579,0.04647273464,1462,8,11.81176471,11456.0498,39,35828,3592,4,119,5,0
87055861,209466.98,3,2581,0.007458478573,5126,3,15.53932584,12338.10412,434,98406,18174,68,49540,34,11
92624443,389723.07,6,5648,0.04177335577,15888,1,7.04494382,48021.56459,84,74310,7619,13864,33725,1,3